initializer,class_expr,selector,selector_symbol,replacement_address,replacement_size,replacement_symbol,original_slot
initializer_01_4000.c,ch,objectForInfoDictionaryKey:,SEL_objectForInfoDictionaryKey_,0x4e20,156,sym.func.00004e20,g_57b250
initializer_01_4000.c,ch,infoDictionary,SEL_infoDictionary,0x4ed4,1720,sym.func.00004ed4,g_57b258
initializer_01_4000.c,ch1,boolForKey:,SEL_boolForKey_,0x55c0,152,sym.func.000055c0,g_57b260
initializer_01_4000.c,ch1,objectForKey:,SEL_objectForKey_,0x567c,156,sym.func.0000567c,g_57b268
initializer_02_5f1c.c,ch,viewWillAppear:,SEL_viewWillAppear_,0x652c,84,sym.func.0000652c,g_57b298
initializer_02_5f1c.c,ch,viewDidAppear:,SEL_viewDidAppear_,0x6580,140,sym.func.00006580,g_57b2a0
initializer_02_5f1c.c,ch,viewDidDisappear:,SEL_viewDidDisappear_,0x6620,100,sym.func.00006620,g_57b2a8
initializer_02_5f1c.c,ch,viewDidLayoutSubviews,SEL_viewDidLayoutSubviews,0x6684,128,sym.func.00006684,g_57b2b0
initializer_02_5f1c.c,ch,traitCollectionDidChange:,SEL_traitCollectionDidChange_,0x6718,440,sym.func.00006718,g_57b2b8
initializer_02_5f1c.c,ch,reloadBackgroundView,SEL_reloadBackgroundView,0x6934,168,sym.func.00006934,g_57b2c0
initializer_02_5f1c.c,ch,getBackgroundView,SEL_getBackgroundView,0x69f0,192,sym.func.000069f0,g_57b2c8
initializer_02_5f1c.c,ch1,getChatBackgroundViewForUser:,SEL_getChatBackgroundViewForUser_,0x6ac4,36,sym.func.00006ac4,g_57b2d0
initializer_02_5f1c.c,ch1,getChatBackgroundImagePathForUser:,SEL_getChatBackgroundImagePathForUser_,0x6ae8,156,sym.func.00006ae8,g_57b2d8
initializer_02_5f1c.c,ch1,customImageNameFor:,SEL_customImageNameFor_,0x6ba8,168,sym.func.00006ba8,g_57b2e0
initializer_02_5f1c.c,ch1,imageInPath:,SEL_imageInPath_,0x6c74,1728,sym.func.00006c74,g_57b2e8
initializer_03_7fcc.c,ch,reloadData,SEL_reloadData,0x8378,244,sym.func.00008378,g_57b338
initializer_03_7fcc.c,ch,insertRowsAtIndexPaths:withRowAnimation:,SEL_insertRowsAtIndexPaths_withRowAnimation_,0x846c,260,sym.func.0000846c,g_57b340
initializer_03_7fcc.c,ch1,viewWillAppear:,SEL_viewWillAppear_,0x8584,264,sym.func.00008584,g_57b348
initializer_03_7fcc.c,ch1,viewDidAppear:,SEL_viewDidAppear_,0x86a8,240,sym.func.000086a8,g_57b350
initializer_04_aaec.c,ch,isShowHeadImage,SEL_isShowHeadImage,0xaf0c,1364,sym.func.0000af0c,g_57b398
initializer_04_aaec.c,ch1,tableView:heightForRowAtIndexPath:,SEL_tableView_heightForRowAtIndexPath_,0xb460,460,sym.func.0000b460,g_57b3a0
initializer_05_110b8.c,ch,getHeadImageWithUseScene:withScene:withCategory:retHeadImgIsExistedLocal:,SEL_getHeadImageWithUseScene_withScene_withCategory_retHeadImgIsExistedLocal_,0x1146c,200,sym.func.0001146c,g_57b4b0
initializer_05_110b8.c,ch,getHeadImageWithUseScene:withScene:withCategory:,SEL_getHeadImageWithUseScene_withScene_withCategory_,0x1154c,172,sym.func.0001154c,g_57b4b8
initializer_05_110b8.c,ch,getHeadImage:withCategory:,SEL_getHeadImage_withCategory_,0x11610,164,sym.func.00011610,g_57b4c0
initializer_05_110b8.c,ch,getOriginalHeadImage:withCategory:,SEL_getOriginalHeadImage_withCategory_,0x116cc,164,sym.func.000116cc,g_57b4c8
initializer_05_110b8.c,ch,getRoundImage:size:withCategory:,SEL_getRoundImage_size_withCategory_,0x11788,196,sym.func.00011788,g_57b4d0
initializer_05_110b8.c,ch,getRoundImage:size:cornerSize:withCategory:,SEL_getRoundImage_size_cornerSize_withCategory_,0x11864,204,sym.func.00011864,g_57b4d8
initializer_05_110b8.c,ch1,updateUsrName:withHeadImgUrl:,SEL_updateUsrName_withHeadImgUrl_,0x11948,256,sym.func.00011948,g_57b4e0
initializer_05_110b8.c,ch1,layoutSubviews,SEL_layoutSubviews,0x11a64,200,sym.func.00011a64,g_57b4e8
initializer_06_13078.c,ch1,layoutSubviews,SEL_layoutSubviews,0x13c9c,68,sym.func.00013c9c,g_57b560
initializer_06_13078.c,ch1,setFrame:,SEL_setFrame_,0x13ce0,116,sym.func.00013ce0,g_57b568
initializer_06_13078.c,ch1,didMoveToSuperview,SEL_didMoveToSuperview,0x13d54,68,sym.func.00013d54,g_57b570
initializer_06_13078.c,ch1,didMoveToWindow,SEL_didMoveToWindow,0x13d98,68,sym.func.00013d98,g_57b578
initializer_06_13078.c,ch1,traitCollectionDidChange:,SEL_traitCollectionDidChange_,0x13ddc,104,sym.func.00013ddc,g_57b580
initializer_06_13078.c,ch1,tryDoAnimationOnTextChange,SEL_tryDoAnimationOnTextChange,0x13e58,44,sym.func.00013e58,g_57b588
initializer_06_13078.c,ch1,initSendButton,SEL_initSendButton,0x13e84,44,sym.func.00013e84,g_57b590
initializer_06_13078.c,ch2,layoutSubviews,SEL_layoutSubviews,0x13eb0,380,sym.func.00013eb0,g_57b598
initializer_06_13078.c,ch2,didMoveToSuperview,SEL_didMoveToSuperview,0x14040,376,sym.func.00014040,g_57b5a0
initializer_06_13078.c,ch2,didMoveToWindow,SEL_didMoveToWindow,0x141cc,368,sym.func.000141cc,g_57b5a8
initializer_06_13078.c,ch2,traitCollectionDidChange:,SEL_traitCollectionDidChange_,0x14350,128,sym.func.00014350,g_57b5b0
initializer_06_13078.c,ch2,tryDoAnimationOnTextChange,SEL_tryDoAnimationOnTextChange,0x143fc,44,sym.func.000143fc,g_57b5b8
initializer_06_13078.c,ch2,initSendButton,SEL_initSendButton,0x14428,44,sym.func.00014428,g_57b5c0
initializer_06_13078.c,v8,becomeFirstResponder,SEL_becomeFirstResponder,0x14454,164,sym.func.00014454,g_57b5c8
initializer_06_13078.c,v8,setText:,SEL_setText_,0x1450c,604,sym.func.0001450c,g_57b5d0
initializer_06_13078.c,v8,setAttributedText:,SEL_setAttributedText_,0x147d0,720,sym.func.000147d0,g_57b5d8
initializer_06_13078.c,v8,deleteBackward,SEL_deleteBackward,0x14b28,996,sym.func.00014b28,g_57b5e0
initializer_06_13078.c,v8,insertText:,SEL_insertText_,0x14fac,720,sym.func.00014fac,g_57b5e8
initializer_06_13078.c,v8,setMarkedText:selectedRange:,SEL_setMarkedText_selectedRange_,0x1530c,356,sym.func.0001530c,g_57b5f0
initializer_06_13078.c,v8,setAttributedMarkedText:selectedRange:,SEL_setAttributedMarkedText_selectedRange_,0x154b8,432,sym.func.000154b8,g_57b5f8
initializer_06_13078.c,v8,unmarkText,SEL_unmarkText,0x156c0,212,sym.func.000156c0,g_57b600
initializer_06_13078.c,v8,setContentSize:,SEL_setContentSize_,0x157bc,592,sym.func.000157bc,g_57b608
initializer_06_13078.c,v8,layoutSubviews,SEL_layoutSubviews,0x15a64,664,sym.func.00015a64,g_57b610
initializer_06_13078.c,v9,didMoveToWindow,SEL_didMoveToWindow,0x15d64,164,sym.func.00015d64,g_57b618
initializer_06_13078.c,v9,layoutSubviews,SEL_layoutSubviews,0x15e1c,88,sym.func.00015e1c,g_57b620
initializer_06_13078.c,v9,setFrame:,SEL_setFrame_,0x15e74,88,sym.func.00015e74,g_57b628
initializer_06_13078.c,v10,setFrame:,SEL_setFrame_,0x15ecc,88,sym.func.00015ecc,g_57b630
initializer_06_13078.c,v10,becomeFirstResponder,SEL_becomeFirstResponder,0x15f24,220,sym.func.00015f24,g_57b638
initializer_06_13078.c,v10,setText:,SEL_setText_,0x16014,180,sym.func.00016014,g_57b640
initializer_06_13078.c,v10,insertText:,SEL_insertText_,0x160f0,180,sym.func.000160f0,g_57b648
initializer_06_13078.c,v10,deleteBackward,SEL_deleteBackward,0x161cc,160,sym.func.000161cc,g_57b650
initializer_06_13078.c,v10,measureHeight,SEL_measureHeight,0x16280,180,sym.func.00016280,g_57b658
initializer_06_13078.c,v10,layoutSubviews,SEL_layoutSubviews,0x16334,108,sym.func.00016334,g_57b660
initializer_06_13078.c,v11,layoutSubviews,SEL_layoutSubviews,0x163a0,104,sym.func.000163a0,g_57b668
initializer_06_13078.c,v11,sendAction:to:forEvent:,SEL_sendAction_to_forEvent_,0x16408,140,sym.func.00016408,g_57b670
initializer_06_13078.c,v11,setHighlighted:,SEL_setHighlighted_,0x164a8,284,sym.func.000164a8,g_57b678
initializer_06_13078.c,v11,setSelected:,SEL_setSelected_,0x165e8,144,sym.func.000165e8,g_57b680
initializer_06_13078.c,ch,setWidthTracksTextView:,SEL_setWidthTracksTextView_,0x1669c,144,sym.func.0001669c,g_57b688
initializer_06_13078.c,ch,setSize:,SEL_setSize_,0x1672c,184,sym.func.0001672c,g_57b690
initializer_07_1af00.c,v6,layoutSubviews,SEL_layoutSubviews,0x1d938,116,sym.func.0001d938,g_57b7e0
initializer_07_1af00.c,v6,didMoveToWindow,SEL_didMoveToWindow,0x1d9c0,44,sym.func.0001d9c0,g_57b7e8
initializer_07_1af00.c,v6,setContentOffset:,SEL_setContentOffset_,0x1d9ec,112,sym.func.0001d9ec,g_57b7f0
initializer_07_1af00.c,v6,setContentOffset:animated:,SEL_setContentOffset_animated_,0x1da5c,44,sym.func.0001da5c,g_57b7f8
initializer_07_1af00.c,v6,traitCollectionDidChange:,SEL_traitCollectionDidChange_,0x1da88,504,sym.func.0001da88,g_57b800
initializer_07_1af00.c,v7,setViewModel:,SEL_setViewModel_,0x1dcc4,100,sym.func.0001dcc4,g_57b808
initializer_07_1af00.c,v7,updateBgImageView:,SEL_updateBgImageView_,0x1dd3c,88,sym.func.0001dd3c,g_57b810
initializer_07_1af00.c,v7,layoutSubviews,SEL_layoutSubviews,0x1dd94,68,sym.func.0001dd94,g_57b818
initializer_07_1af00.c,v7,layoutInternal,SEL_layoutInternal,0x1ddd8,68,sym.func.0001ddd8,g_57b820
initializer_07_1af00.c,v7,layoutContentView,SEL_layoutContentView,0x1de1c,44,sym.func.0001de1c,g_57b828
initializer_07_1af00.c,v7,setFrame:,SEL_setFrame_,0x1de48,116,sym.func.0001de48,g_57b830
initializer_07_1af00.c,v7,didMoveToWindow,SEL_didMoveToWindow,0x1debc,44,sym.func.0001debc,g_57b838
initializer_07_1af00.c,v7,didAddSubview:,SEL_didAddSubview_,0x1dee8,88,sym.func.0001dee8,g_57b840
initializer_07_1af00.c,v7,willRemoveSubview:,SEL_willRemoveSubview_,0x1df54,88,sym.func.0001df54,g_57b848
initializer_07_1af00.c,v7,traitCollectionDidChange:,SEL_traitCollectionDidChange_,0x1dfc0,212,sym.func.0001dfc0,g_57b850
initializer_07_1af00.c,v8,imageNamed:,SEL_imageNamed_,0x1e0b8,188,sym.func.0001e0b8,g_57b858
initializer_07_1af00.c,v9,bubbleName,SEL_bubbleName,0x1e19c,252,sym.func.0001e19c,g_57b860
initializer_07_1af00.c,v9,bubbleNameHL,SEL_bubbleNameHL,0x1e2bc,252,sym.func.0001e2bc,g_57b868
initializer_07_1af00.c,v9,edgeInsets,SEL_edgeInsets,0x1e3dc,448,sym.func.0001e3dc,g_57b870
initializer_07_1af00.c,v9,setPosition:,SEL_setPosition_,0x1e60c,144,sym.func.0001e60c,g_57b878
initializer_07_1af00.c,v9,getBubbleImage:isDarkMode:,SEL_getBubbleImage_isDarkMode_,0x1e69c,76,sym.func.0001e69c,g_57b880
initializer_07_1af00.c,v9,getBubbleImage:isDarkMode:useCache:,SEL_getBubbleImage_isDarkMode_useCache_,0x1e6e8,92,sym.func.0001e6e8,g_57b888
initializer_07_1af00.c,v9,getBubbleImage:,SEL_getBubbleImage_,0x1e744,68,sym.func.0001e744,g_57b890
initializer_07_1af00.c,v9,getNewBubbleImage:,SEL_getNewBubbleImage_,0x1e788,68,sym.func.0001e788,g_57b898
initializer_07_1af00.c,v10,layoutSubviews,SEL_layoutSubviews,0x1e7cc,68,sym.func.0001e7cc,g_57b8a0
initializer_07_1af00.c,v10,setFrame:,SEL_setFrame_,0x1e810,116,sym.func.0001e810,g_57b8a8
initializer_07_1af00.c,v10,didMoveToWindow,SEL_didMoveToWindow,0x1e884,44,sym.func.0001e884,g_57b8b0
initializer_07_1af00.c,v11,layoutSubviews,SEL_layoutSubviews,0x1e8b0,68,sym.func.0001e8b0,g_57b8b8
initializer_07_1af00.c,v11,setFrame:,SEL_setFrame_,0x1e8f4,116,sym.func.0001e8f4,g_57b8c0
initializer_07_1af00.c,v11,didMoveToWindow,SEL_didMoveToWindow,0x1e968,44,sym.func.0001e968,g_57b8c8
initializer_07_1af00.c,ch,layoutSubviews,SEL_layoutSubviews,0x1e994,68,sym.func.0001e994,g_57b8d0
initializer_07_1af00.c,ch,setFrame:,SEL_setFrame_,0x1e9d8,116,sym.func.0001e9d8,g_57b8d8
initializer_07_1af00.c,ch,didMoveToWindow,SEL_didMoveToWindow,0x1ea4c,44,sym.func.0001ea4c,g_57b8e0
initializer_07_1af00.c,ch1,layoutSubviews,SEL_layoutSubviews,0x1ea78,68,sym.func.0001ea78,g_57b8e8
initializer_07_1af00.c,ch1,setFrame:,SEL_setFrame_,0x1eabc,116,sym.func.0001eabc,g_57b8f0
initializer_07_1af00.c,ch1,didMoveToWindow,SEL_didMoveToWindow,0x1eb30,44,sym.func.0001eb30,g_57b8f8
initializer_07_1af00.c,ch2,layoutSubviews,SEL_layoutSubviews,0x1eb5c,68,sym.func.0001eb5c,g_57b900
initializer_07_1af00.c,ch2,setFrame:,SEL_setFrame_,0x1eba0,116,sym.func.0001eba0,g_57b908
initializer_07_1af00.c,ch2,didMoveToWindow,SEL_didMoveToWindow,0x1ec14,44,sym.func.0001ec14,g_57b910
initializer_07_1af00.c,v15,layoutSubviews,SEL_layoutSubviews,0x1ec40,68,sym.func.0001ec40,g_57b918
initializer_07_1af00.c,v15,setFrame:,SEL_setFrame_,0x1ec84,116,sym.func.0001ec84,g_57b920
initializer_07_1af00.c,v15,didMoveToWindow,SEL_didMoveToWindow,0x1ecf8,44,sym.func.0001ecf8,g_57b928
initializer_07_1af00.c,v16,layoutSubviews,SEL_layoutSubviews,0x1ed24,68,sym.func.0001ed24,g_57b930
initializer_07_1af00.c,v16,setFrame:,SEL_setFrame_,0x1ed68,116,sym.func.0001ed68,g_57b938
initializer_07_1af00.c,v16,didMoveToWindow,SEL_didMoveToWindow,0x1eddc,44,sym.func.0001eddc,g_57b940
initializer_07_1af00.c,v17,layoutSubviews,SEL_layoutSubviews,0x1ee08,68,sym.func.0001ee08,g_57b948
initializer_07_1af00.c,v17,setFrame:,SEL_setFrame_,0x1ee4c,116,sym.func.0001ee4c,g_57b950
initializer_07_1af00.c,v17,didMoveToWindow,SEL_didMoveToWindow,0x1eec0,44,sym.func.0001eec0,g_57b958
initializer_07_1af00.c,v18,layoutSubviews,SEL_layoutSubviews,0x1eeec,68,sym.func.0001eeec,g_57b960
initializer_07_1af00.c,v18,setFrame:,SEL_setFrame_,0x1ef30,116,sym.func.0001ef30,g_57b968
initializer_07_1af00.c,v18,didMoveToWindow,SEL_didMoveToWindow,0x1efa4,44,sym.func.0001efa4,g_57b970
initializer_07_1af00.c,v19,layoutSubviews,SEL_layoutSubviews,0x1efd0,68,sym.func.0001efd0,g_57b978
initializer_07_1af00.c,v19,setFrame:,SEL_setFrame_,0x1f014,116,sym.func.0001f014,g_57b980
initializer_07_1af00.c,v19,didMoveToWindow,SEL_didMoveToWindow,0x1f088,44,sym.func.0001f088,g_57b988
initializer_07_1af00.c,v20,layoutSubviews,SEL_layoutSubviews,0x1f0b4,68,sym.func.0001f0b4,g_57b990
initializer_07_1af00.c,v20,setFrame:,SEL_setFrame_,0x1f0f8,116,sym.func.0001f0f8,g_57b998
initializer_07_1af00.c,v20,didMoveToWindow,SEL_didMoveToWindow,0x1f16c,44,sym.func.0001f16c,g_57b9a0
initializer_07_1af00.c,v21,layoutSubviews,SEL_layoutSubviews,0x1f198,68,sym.func.0001f198,g_57b9a8
initializer_07_1af00.c,v21,setFrame:,SEL_setFrame_,0x1f1dc,116,sym.func.0001f1dc,g_57b9b0
initializer_07_1af00.c,v21,didMoveToWindow,SEL_didMoveToWindow,0x1f250,44,sym.func.0001f250,g_57b9b8
initializer_07_1af00.c,v22,layoutSubviews,SEL_layoutSubviews,0x1f27c,68,sym.func.0001f27c,g_57b9c0
initializer_07_1af00.c,v22,setFrame:,SEL_setFrame_,0x1f2c0,116,sym.func.0001f2c0,g_57b9c8
initializer_07_1af00.c,v22,didMoveToWindow,SEL_didMoveToWindow,0x1f334,44,sym.func.0001f334,g_57b9d0
initializer_07_1af00.c,v23,layoutSubviews,SEL_layoutSubviews,0x1f360,68,sym.func.0001f360,g_57b9d8
initializer_07_1af00.c,v23,setFrame:,SEL_setFrame_,0x1f3a4,116,sym.func.0001f3a4,g_57b9e0
initializer_07_1af00.c,v23,didMoveToWindow,SEL_didMoveToWindow,0x1f418,44,sym.func.0001f418,g_57b9e8
initializer_07_1af00.c,v24,layoutSubviews,SEL_layoutSubviews,0x1f444,68,sym.func.0001f444,g_57b9f0
initializer_07_1af00.c,v24,setFrame:,SEL_setFrame_,0x1f488,116,sym.func.0001f488,g_57b9f8
initializer_07_1af00.c,v24,didMoveToWindow,SEL_didMoveToWindow,0x1f4fc,44,sym.func.0001f4fc,g_57ba00
initializer_07_1af00.c,v25,layoutSubviews,SEL_layoutSubviews,0x1f528,44,sym.func.0001f528,g_57ba08
initializer_07_1af00.c,v25,setFrame:,SEL_setFrame_,0x1f554,68,sym.func.0001f554,g_57ba10
initializer_07_1af00.c,v25,didMoveToWindow,SEL_didMoveToWindow,0x1f598,44,sym.func.0001f598,g_57ba18
initializer_07_1af00.c,v26,layoutSubviews,SEL_layoutSubviews,0x1f5c4,44,sym.func.0001f5c4,g_57ba20
initializer_07_1af00.c,v26,setFrame:,SEL_setFrame_,0x1f5f0,68,sym.func.0001f5f0,g_57ba28
initializer_07_1af00.c,v26,didMoveToWindow,SEL_didMoveToWindow,0x1f634,44,sym.func.0001f634,g_57ba30
initializer_07_1af00.c,v27,layoutSubviews,SEL_layoutSubviews,0x1f660,44,sym.func.0001f660,g_57ba38
initializer_07_1af00.c,v27,setFrame:,SEL_setFrame_,0x1f68c,68,sym.func.0001f68c,g_57ba40
initializer_07_1af00.c,v27,didMoveToWindow,SEL_didMoveToWindow,0x1f6d0,44,sym.func.0001f6d0,g_57ba48
initializer_07_1af00.c,v28,layoutSubviews,SEL_layoutSubviews,0x1f6fc,44,sym.func.0001f6fc,g_57ba50
initializer_07_1af00.c,v28,setFrame:,SEL_setFrame_,0x1f728,68,sym.func.0001f728,g_57ba58
initializer_07_1af00.c,v28,didMoveToWindow,SEL_didMoveToWindow,0x1f76c,44,sym.func.0001f76c,g_57ba60
initializer_07_1af00.c,v29,setImage:,SEL_setImage_,0x1f798,324,sym.func.0001f798,g_57ba68
initializer_07_1af00.c,v29,setHighlightedImage:,SEL_setHighlightedImage_,0x1f8f8,308,sym.func.0001f8f8,g_57ba70
initializer_07_1af00.c,v30,imageNamed:,SEL_imageNamed_,0x1fa48,136,sym.func.0001fa48,g_57ba78
initializer_07_1af00.c,v30,imageNamed:inBundle:compatibleWithTraitCollection:,SEL_imageNamed_inBundle_compatibleWithTraitCollection_,0x1fae4,192,sym.func.0001fae4,g_57ba80
initializer_08_286fc.c,v11,wclg:fetchAttachmentItemsViaOrig:,SEL_wclg_fetchAttachmentItemsViaOrig_,0x29028,12,sym.func.00029028,g_57bd48
initializer_08_286fc.c,v11,didMoveToWindow,SEL_didMoveToWindow,0x29034,44,sym.func.00029034,g_57bd50
initializer_08_286fc.c,v11,layoutSubviews,SEL_layoutSubviews,0x29060,368,sym.func.00029060,g_57bd58
initializer_08_286fc.c,v11,onShowAttachViewWithPageIndex:items:,SEL_onShowAttachViewWithPageIndex_items_,0x291d0,140,sym.func.000291d0,g_57bd60
initializer_08_286fc.c,v11,onAttachmentModeChangeButtonClicked:,SEL_onAttachmentModeChangeButtonClicked_,0x29270,368,sym.func.00029270,g_57bd68
initializer_08_286fc.c,ch,reloadThemeResource,SEL_reloadThemeResource,0x293f4,32,sym.func.000293f4,g_57bd70
initializer_08_286fc.c,ch1,contextMenuInteraction:willDisplayMenuForConfiguration:animator:,SEL_contextMenuInteraction_willDisplayMenuForConfiguration_animator_,0x29414,80,sym.func.00029414,g_57bd78
initializer_08_286fc.c,ch1,contextMenuInteraction:willEndForConfiguration:animator:,SEL_contextMenuInteraction_willEndForConfiguration_animator_,0x29478,320,sym.func.00029478,g_57bd80
initializer_08_286fc.c,ch2,wclg:fetchAttachmentItemsViaOrig:,SEL_wclg_fetchAttachmentItemsViaOrig_,0x29028,12,sym.func.00029028,g_57bd48
initializer_08_286fc.c,ch2,didMoveToWindow,SEL_didMoveToWindow,0x29034,44,sym.func.00029034,g_57bd50
initializer_08_286fc.c,ch2,layoutSubviews,SEL_layoutSubviews,0x29060,368,sym.func.00029060,g_57bd58
initializer_08_286fc.c,ch2,onShowAttachViewWithPageIndex:items:,SEL_onShowAttachViewWithPageIndex_items_,0x291d0,140,sym.func.000291d0,g_57bd60
initializer_08_286fc.c,ch2,onAttachmentModeChangeButtonClicked:,SEL_onAttachmentModeChangeButtonClicked_,0x29270,368,sym.func.00029270,g_57bd68
initializer_08_286fc.c,v9,reloadThemeResource,SEL_reloadThemeResource,0x293f4,32,sym.func.000293f4,g_57bd70
initializer_08_286fc.c,v10,contextMenuInteraction:willDisplayMenuForConfiguration:animator:,SEL_contextMenuInteraction_willDisplayMenuForConfiguration_animator_,0x29414,80,sym.func.00029414,g_57bd78
initializer_08_286fc.c,v10,contextMenuInteraction:willEndForConfiguration:animator:,SEL_contextMenuInteraction_willEndForConfiguration_animator_,0x29478,320,sym.func.00029478,g_57bd80
initializer_09_29e28.c,ch2,layoutSubviews,SEL_layoutSubviews,0x2abf4,52,sym.func.0002abf4,g_57bdc0
initializer_09_29e28.c,ch2,didMoveToWindow,SEL_didMoveToWindow,0x2ac28,52,sym.func.0002ac28,g_57bdc8
initializer_09_29e28.c,ch2,setFrame:,SEL_setFrame_,0x2ac5c,52,sym.func.0002ac5c,g_57bdd0
initializer_09_29e28.c,ch2,setBounds:,SEL_setBounds_,0x2ac90,52,sym.func.0002ac90,g_57bdd8
initializer_09_29e28.c,ch2,didAddSubview:,SEL_didAddSubview_,0x2acc4,96,sym.func.0002acc4,g_57bde0
initializer_09_29e28.c,v7,layoutSubviews,SEL_layoutSubviews,0x2ad38,44,sym.func.0002ad38,g_57bde8
initializer_09_29e28.c,v7,didMoveToWindow,SEL_didMoveToWindow,0x2ad64,44,sym.func.0002ad64,g_57bdf0
initializer_09_29e28.c,v7,setFrame:,SEL_setFrame_,0x2ad90,44,sym.func.0002ad90,g_57bdf8
initializer_09_29e28.c,v7,setBounds:,SEL_setBounds_,0x2adbc,44,sym.func.0002adbc,g_57be00
initializer_09_29e28.c,v7,didAddSubview:,SEL_didAddSubview_,0x2ade8,88,sym.func.0002ade8,g_57be08
initializer_09_29e28.c,v8,layoutSubviews,SEL_layoutSubviews,0x2ae54,1100,sym.func.0002ae54,g_57be10
initializer_09_29e28.c,v9,viewDidLayoutSubviews,SEL_viewDidLayoutSubviews,0x2b308,800,sym.func.0002b308,g_57be18
initializer_09_29e28.c,v9,viewWillDisappear:,SEL_viewWillDisappear_,0x2b6a8,44,sym.func.0002b6a8,g_57be20
initializer_09_29e28.c,v9,viewDidDisappear:,SEL_viewDidDisappear_,0x2b6d4,212,sym.func.0002b6d4,g_57be28
initializer_09_29e28.c,v9,viewWillAppear:,SEL_viewWillAppear_,0x2b7ec,44,sym.func.0002b7ec,g_57be30
initializer_09_29e28.c,v9,viewDidAppear:,SEL_viewDidAppear_,0x2b818,44,sym.func.0002b818,g_57be38
initializer_09_29e28.c,v10,setContentOffset:,SEL_setContentOffset_,0x2b844,44,sym.func.0002b844,g_57be40
initializer_09_29e28.c,v10,setContentOffset:animated:,SEL_setContentOffset_animated_,0x2b870,44,sym.func.0002b870,g_57be48
initializer_09_29e28.c,v11,layoutSubviews,SEL_layoutSubviews,0x2b89c,44,sym.func.0002b89c,g_57be50
initializer_09_29e28.c,v11,didMoveToWindow,SEL_didMoveToWindow,0x2b8c8,76,sym.func.0002b8c8,g_57be58
initializer_09_29e28.c,v11,setFrame:,SEL_setFrame_,0x2b914,192,sym.func.0002b914,g_57be60
initializer_09_29e28.c,ch,didMoveToWindow,SEL_didMoveToWindow,0x2b9d4,52,sym.func.0002b9d4,g_57be68
initializer_09_29e28.c,ch,setFrame:,SEL_setFrame_,0x2ba08,76,sym.func.0002ba08,g_57be70
initializer_09_29e28.c,ch,layoutSubviews,SEL_layoutSubviews,0x2ba54,44,sym.func.0002ba54,g_57be78
initializer_09_29e28.c,ch1,didMoveToWindow,SEL_didMoveToWindow,0x2ba80,52,sym.func.0002ba80,g_57be80
initializer_09_29e28.c,ch1,setFrame:,SEL_setFrame_,0x2bab4,76,sym.func.0002bab4,g_57be88
initializer_10_38988.c,ch1,movePath:to:,SEL_movePath_to_,0x38c4c,2708,sym.func.00038c4c,g_57c008
initializer_10_38988.c,ch,movePath:to:,SEL_movePath_to_,0x38c4c,2708,sym.func.00038c4c,g_57c008
initializer_11_397e0.c,v16,setDelegate:,SEL_setDelegate_,0x3a070,88,sym.func.0003a070,g_57c018
initializer_11_397e0.c,ch,didMoveToWindow,SEL_didMoveToWindow,0x3a0dc,44,sym.func.0003a0dc,g_57c020
initializer_11_397e0.c,ch,reloadData,SEL_reloadData,0x3a108,60,sym.func.0003a108,g_57c028
initializer_11_397e0.c,ch1,viewDidLoad,SEL_viewDidLoad,0x3a144,60,sym.func.0003a144,g_57c030
initializer_11_397e0.c,ch1,viewWillAppear:,SEL_viewWillAppear_,0x3a180,72,sym.func.0003a180,g_57c038
initializer_11_397e0.c,ch1,viewDidLayoutSubviews,SEL_viewDidLayoutSubviews,0x3a1c8,52,sym.func.0003a1c8,g_57c040
initializer_11_397e0.c,ch1,viewWillDisappear:,SEL_viewWillDisappear_,0x3a1fc,72,sym.func.0003a1fc,g_57c048
initializer_11_397e0.c,ch1,mesRefreshTableView,SEL_mesRefreshTableView,0x3a244,52,sym.func.0003a244,g_57c050
initializer_11_397e0.c,ch1,numberOfSectionsInTableView:,SEL_numberOfSectionsInTableView_,0x3a278,324,sym.func.0003a278,g_57c058
initializer_11_397e0.c,ch1,tableView:numberOfRowsInSection:,SEL_tableView_numberOfRowsInSection_,0x3a408,260,sym.func.0003a408,g_57c060
initializer_11_397e0.c,ch1,tableView:viewForHeaderInSection:,SEL_tableView_viewForHeaderInSection_,0x3a538,316,sym.func.0003a538,g_57c068
initializer_11_397e0.c,ch1,tableView:heightForHeaderInSection:,SEL_tableView_heightForHeaderInSection_,0x3a6a0,228,sym.func.0003a6a0,g_57c070
initializer_11_397e0.c,ch1,tableView:cellForRowAtIndexPath:,SEL_tableView_cellForRowAtIndexPath_,0x3a79c,460,sym.func.0003a79c,g_57c078
initializer_11_397e0.c,ch1,tableView:heightForRowAtIndexPath:,SEL_tableView_heightForRowAtIndexPath_,0x3a9c0,556,sym.func.0003a9c0,g_57c080
initializer_11_397e0.c,ch1,tableView:didSelectRowAtIndexPath:,SEL_tableView_didSelectRowAtIndexPath_,0x3ac48,420,sym.func.0003ac48,g_57c088
initializer_11_397e0.c,ch1,tableView:willDisplayCell:forRowAtIndexPath:,SEL_tableView_willDisplayCell_forRowAtIndexPath_,0x3ae44,452,sym.func.0003ae44,g_57c090
initializer_11_397e0.c,ch2,getSessionCountForSection:,SEL_getSessionCountForSection_,0x3b068,56,sym.func.0003b068,g_57c098
initializer_11_397e0.c,ch2,getCellDataAtIndexPath:,SEL_getCellDataAtIndexPath_,0x3b0a0,136,sym.func.0003b0a0,g_57c0a0
initializer_11_397e0.c,ch2,getSessionInfoAtIndexPath:,SEL_getSessionInfoAtIndexPath_,0x3b14c,136,sym.func.0003b14c,g_57c0a8
initializer_11_397e0.c,ch2,getSessionBaseInfoAtIndexPath:,SEL_getSessionBaseInfoAtIndexPath_,0x3b1f8,136,sym.func.0003b1f8,g_57c0b0
initializer_12_3bf10.c,ch,viewWillAppear:,SEL_viewWillAppear_,0x3c408,52,sym.func.0003c408,g_57c150
initializer_12_3bf10.c,ch,viewDidAppear:,SEL_viewDidAppear_,0x3c43c,28,sym.func.0003c43c,g_57c158
initializer_12_3bf10.c,ch,mesRefreshTableView,SEL_mesRefreshTableView,0x3c458,28,sym.func.0003c458,g_57c160
initializer_13_3c4ac.c,v15,viewDidLoad,SEL_viewDidLoad,0x3d274,44,sym.func.0003d274,g_57c1a0
initializer_13_3c4ac.c,v15,viewWillAppear:,SEL_viewWillAppear_,0x3d2a0,124,sym.func.0003d2a0,g_57c1a8
initializer_13_3c4ac.c,v15,viewDidAppear:,SEL_viewDidAppear_,0x3d340,84,sym.func.0003d340,g_57c1b0
initializer_13_3c4ac.c,v15,viewDidLayoutSubviews,SEL_viewDidLayoutSubviews,0x3d394,696,sym.func.0003d394,g_57c1b8
initializer_13_3c4ac.c,v15,mesRefreshTableView,SEL_mesRefreshTableView,0x3d6bc,52,sym.func.0003d6bc,g_57c1c0
initializer_13_3c4ac.c,v15,setHeaderView:,SEL_setHeaderView_,0x3d6f0,88,sym.func.0003d6f0,g_57c1c8
initializer_13_3c4ac.c,v15,initTableHeaderView,SEL_initTableHeaderView,0x3d75c,44,sym.func.0003d75c,g_57c1d0
initializer_13_3c4ac.c,v15,initTableHeaderTopView,SEL_initTableHeaderTopView,0x3d788,44,sym.func.0003d788,g_57c1d8
initializer_13_3c4ac.c,v15,showTableHeaderTopView:fromScene:,SEL_showTableHeaderTopView_fromScene_,0x3d7b4,44,sym.func.0003d7b4,g_57c1e0
initializer_13_3c4ac.c,v16,setHidden:,SEL_setHidden_,0x3d7e0,92,sym.func.0003d7e0,g_57c1e8
initializer_13_3c4ac.c,v16,didMoveToWindow,SEL_didMoveToWindow,0x3d83c,88,sym.func.0003d83c,g_57c1f0
initializer_13_3c4ac.c,v16,layoutSubviews,SEL_layoutSubviews,0x3d894,108,sym.func.0003d894,g_57c1f8
initializer_13_3c4ac.c,ch,setHidden:,SEL_setHidden_,0x3d900,92,sym.func.0003d900,g_57c200
initializer_13_3c4ac.c,ch,didMoveToWindow,SEL_didMoveToWindow,0x3d95c,88,sym.func.0003d95c,g_57c208
initializer_13_3c4ac.c,ch,layoutSubviews,SEL_layoutSubviews,0x3d9b4,108,sym.func.0003d9b4,g_57c210
initializer_13_3c4ac.c,ch1,setHidden:,SEL_setHidden_,0x3da20,92,sym.func.0003da20,g_57c218
initializer_13_3c4ac.c,ch1,didMoveToWindow,SEL_didMoveToWindow,0x3da7c,88,sym.func.0003da7c,g_57c220
initializer_13_3c4ac.c,ch1,layoutSubviews,SEL_layoutSubviews,0x3dad4,108,sym.func.0003dad4,g_57c228
initializer_13_3c4ac.c,ch2,setHidden:,SEL_setHidden_,0x3db40,92,sym.func.0003db40,g_57c230
initializer_13_3c4ac.c,ch2,didMoveToWindow,SEL_didMoveToWindow,0x3db9c,88,sym.func.0003db9c,g_57c238
initializer_13_3c4ac.c,ch2,layoutSubviews,SEL_layoutSubviews,0x3dbf4,108,sym.func.0003dbf4,g_57c240
initializer_13_3c4ac.c,v20,layoutSubviews,SEL_layoutSubviews,0x3dc60,64,sym.func.0003dc60,g_57c248
initializer_13_3c4ac.c,v20,becomeVisible,SEL_becomeVisible,0x3dca0,64,sym.func.0003dca0,g_57c250
initializer_13_3c4ac.c,v20,layoutFakeNavigationBarRightButton,SEL_layoutFakeNavigationBarRightButton,0x3dce0,64,sym.func.0003dce0,g_57c258
initializer_13_3c4ac.c,v21,didMoveToWindow,SEL_didMoveToWindow,0x3dd20,44,sym.func.0003dd20,g_57c260
initializer_13_3c4ac.c,v21,setTableHeaderView:,SEL_setTableHeaderView_,0x3dd4c,88,sym.func.0003dd4c,g_57c268
initializer_13_3c4ac.c,v21,reloadData,SEL_reloadData,0x3ddb8,48,sym.func.0003ddb8,g_57c270
initializer_13_3c4ac.c,v21,layoutSubviews,SEL_layoutSubviews,0x3dde8,412,sym.func.0003dde8,g_57c278
initializer_13_3c4ac.c,v21,setContentOffset:,SEL_setContentOffset_,0x3dfb8,52,sym.func.0003dfb8,g_57c280
initializer_14_3e1e4.c,ch,viewDidAppear:,SEL_viewDidAppear_,0x3e9e4,64,sym.func.0003e9e4,g_57c330
initializer_14_3e1e4.c,ch,viewDidLayoutSubviews,SEL_viewDidLayoutSubviews,0x3ea24,64,sym.func.0003ea24,g_57c338
initializer_14_3e1e4.c,ch,traitCollectionDidChange:,SEL_traitCollectionDidChange_,0x3ea64,96,sym.func.0003ea64,g_57c340
initializer_14_3e1e4.c,ch1,layoutSubviews,SEL_layoutSubviews,0x3ead8,72,sym.func.0003ead8,g_57c348
initializer_14_3e1e4.c,ch2,reloadData,SEL_reloadData,0x3eb20,64,sym.func.0003eb20,g_57c350
initializer_14_3e1e4.c,ch2,setBackgroundView:,SEL_setBackgroundView_,0x3eb60,204,sym.func.0003eb60,g_57c358
initializer_14_3e1e4.c,v8,viewDidAppear:,SEL_viewDidAppear_,0x3ec40,44,sym.func.0003ec40,g_57c360
initializer_14_3e1e4.c,v8,viewDidLayoutSubviews,SEL_viewDidLayoutSubviews,0x3ec6c,44,sym.func.0003ec6c,g_57c368
initializer_15_3ed38.c,ch1,reloadAllItems,SEL_reloadAllItems,0x3f30c,128,sym.func.0003f30c,g_57c3b0
initializer_15_3ed38.c,ch2,m:arrShowIDs,SEL_m_arrShowIDs,0x3f38c,512,sym.func.0003f38c,g_57c3b8
initializer_16_413ec.c,ch,layoutSubviews,SEL_layoutSubviews,0x428e0,132,sym.func.000428e0,g_57c400
initializer_16_413ec.c,ch,didMoveToWindow,SEL_didMoveToWindow,0x42978,96,sym.func.00042978,g_57c408
initializer_16_413ec.c,ch1,updateTypingTitle:,SEL_updateTypingTitle_,0x429ec,308,sym.func.000429ec,g_57c410
initializer_16_413ec.c,ch2,layoutSubviews,SEL_layoutSubviews,0x42b90,44,sym.func.00042b90,g_57c418
initializer_16_413ec.c,ch2,didMoveToWindow,SEL_didMoveToWindow,0x42bbc,44,sym.func.00042bbc,g_57c420
initializer_16_413ec.c,v27,layoutSubviews,SEL_layoutSubviews,0x42be8,44,sym.func.00042be8,g_57c428
initializer_16_413ec.c,v27,didMoveToWindow,SEL_didMoveToWindow,0x42c14,44,sym.func.00042c14,g_57c430
initializer_16_413ec.c,v28,layoutSubviews,SEL_layoutSubviews,0x42c40,380,sym.func.00042c40,g_57c438
initializer_16_413ec.c,v28,didMoveToWindow,SEL_didMoveToWindow,0x42dd0,388,sym.func.00042dd0,g_57c440
initializer_16_413ec.c,v29,layoutSubviews,SEL_layoutSubviews,0x42f68,796,sym.func.00042f68,g_57c448
initializer_16_413ec.c,v30,layoutSubviews,SEL_layoutSubviews,0x43284,12,sym.func.00043284,g_57c450
initializer_16_413ec.c,v31,setContentOffset:,SEL_setContentOffset_,0x43290,112,sym.func.00043290,g_57c458
initializer_16_413ec.c,v31,setContentOffset:animated:,SEL_setContentOffset_animated_,0x43300,132,sym.func.00043300,g_57c460
initializer_16_413ec.c,v31,touchesBegan:withEvent:,SEL_touchesBegan_withEvent_,0x43384,112,sym.func.00043384,g_57c468
initializer_16_413ec.c,v31,touchesEnded:withEvent:,SEL_touchesEnded_withEvent_,0x43410,112,sym.func.00043410,g_57c470
initializer_16_413ec.c,v31,touchesCancelled:withEvent:,SEL_touchesCancelled_withEvent_,0x4349c,112,sym.func.0004349c,g_57c478
initializer_16_413ec.c,v31,didMoveToWindow,SEL_didMoveToWindow,0x43528,44,sym.func.00043528,g_57c480
initializer_16_413ec.c,v32,dictationIcon,SEL_dictationIcon,0x43554,144,sym.func.00043554,g_57c488
initializer_16_413ec.c,v32,hitTest:withEvent:,SEL_hitTest_withEvent_,0x435f8,196,sym.func.000435f8,g_57c490
initializer_16_413ec.c,v33,layoutSubviews,SEL_layoutSubviews,0x436e4,44,sym.func.000436e4,g_57c498
initializer_16_413ec.c,v34,layoutSubviews,SEL_layoutSubviews,0x43710,44,sym.func.00043710,g_57c4a0
initializer_16_413ec.c,v35,pushViewController:animated:,SEL_pushViewController_animated_,0x4373c,2132,sym.func.0004373c,g_57c4a8
initializer_16_413ec.c,v36,viewDidLoad,SEL_viewDidLoad,0x43f90,76,sym.func.00043f90,g_57c4b0
initializer_16_413ec.c,v36,updateTitleView:,SEL_updateTitleView_,0x43fdc,176,sym.func.00043fdc,g_57c4b8
initializer_16_413ec.c,v36,updateTitleView:ignoreAnimation:,SEL_updateTitleView_ignoreAnimation_,0x440c0,184,sym.func.000440c0,g_57c4c0
initializer_16_413ec.c,v36,setTitle:subTitle:leftLoading:rightView:rightViewLeftMargin:subLeftView:titleOffset:,SEL_setTitle_subTitle_leftLoading_rightView_rightViewLeftMargin_subLeftView_titleOffset_,0x441ac,208,sym.func.000441ac,g_57c4c8
initializer_16_413ec.c,v36,installMinimizationTransitionController,SEL_installMinimizationTransitionController,0x442a8,32,sym.func.000442a8,g_57c4d0
initializer_16_413ec.c,v36,canPushMiniTaskViewController,SEL_canPushMiniTaskViewController,0x442c8,36,sym.func.000442c8,g_57c4d8
initializer_16_413ec.c,v36,canPushMiniTaskViewController:,SEL_canPushMiniTaskViewController_,0x442ec,116,sym.func.000442ec,g_57c4e0
initializer_16_413ec.c,v36,viewWillAppear:,SEL_viewWillAppear_,0x44374,128,sym.func.00044374,g_57c4e8
initializer_16_413ec.c,v36,viewDidAppear:,SEL_viewDidAppear_,0x443f4,56,sym.func.000443f4,g_57c4f0
initializer_16_413ec.c,v36,viewWillLayoutSubviews,SEL_viewWillLayoutSubviews,0x4442c,56,sym.func.0004442c,g_57c4f8
initializer_16_413ec.c,v36,viewDidLayoutSubviews,SEL_viewDidLayoutSubviews,0x44464,48,sym.func.00044464,g_57c500
initializer_16_413ec.c,v36,viewWillDisappear:,SEL_viewWillDisappear_,0x44494,312,sym.func.00044494,g_57c508
initializer_16_413ec.c,v36,viewDidDisappear:,SEL_viewDidDisappear_,0x44604,56,sym.func.00044604,g_57c510
initializer_16_413ec.c,v36,gestureRecognizer:shouldBeRequiredToFailByGestureRecognizer:,SEL_gestureRecognizer_shouldBeRequiredToFailByGestureRecognizer_,0x4463c,2272,sym.func.0004463c,g_57c518
initializer_17_4e544.c,ch,imageRectForContentRect:,SEL_imageRectForContentRect_,0x4e9c0,108,sym.func.0004e9c0,g_57c6a8
initializer_17_4e544.c,ch,layoutSubviews,SEL_layoutSubviews,0x4ea2c,44,sym.func.0004ea2c,g_57c6b0
initializer_17_4e544.c,ch1,imageRectForContentRect:,SEL_imageRectForContentRect_,0x4ea58,108,sym.func.0004ea58,g_57c6b8
initializer_17_4e544.c,ch1,layoutSubviews,SEL_layoutSubviews,0x4eac4,44,sym.func.0004eac4,g_57c6c0
initializer_18_50058.c,ch,layoutSubviews,SEL_layoutSubviews,0x507cc,112,sym.func.000507cc,g_57c700
initializer_18_50058.c,ch,didMoveToWindow,SEL_didMoveToWindow,0x50850,112,sym.func.00050850,g_57c708
initializer_18_50058.c,ch,setHidden:,SEL_setHidden_,0x508d4,68,sym.func.000508d4,g_57c710
initializer_18_50058.c,ch,setAlpha:,SEL_setAlpha_,0x50918,68,sym.func.00050918,g_57c718
initializer_18_50058.c,ch,didAddSubview:,SEL_didAddSubview_,0x5095c,100,sym.func.0005095c,g_57c720
initializer_18_50058.c,ch1,layoutSubviews,SEL_layoutSubviews,0x509d4,104,sym.func.000509d4,g_57c728
initializer_18_50058.c,ch1,didMoveToWindow,SEL_didMoveToWindow,0x50a50,104,sym.func.00050a50,g_57c730
initializer_18_50058.c,ch1,setAlpha:,SEL_setAlpha_,0x50acc,196,sym.func.00050acc,g_57c738
initializer_18_50058.c,ch1,setHidden:,SEL_setHidden_,0x50ba8,188,sym.func.00050ba8,g_57c740
initializer_21_590c4.c,ch,layoutSubviews,SEL_layoutSubviews,0x59d58,84,sym.func.00059d58,g_57c8f8
initializer_21_590c4.c,ch,didAddSubview:,SEL_didAddSubview_,0x59dac,120,sym.func.00059dac,g_57c900
initializer_21_590c4.c,ch,didMoveToWindow,SEL_didMoveToWindow,0x59e38,84,sym.func.00059e38,g_57c908
initializer_21_590c4.c,ch,traitCollectionDidChange:,SEL_traitCollectionDidChange_,0x59e8c,128,sym.func.00059e8c,g_57c910
initializer_21_590c4.c,ch,setBackgroundColor:,SEL_setBackgroundColor_,0x59f20,148,sym.func.00059f20,g_57c918
initializer_21_590c4.c,ch,setBarTintColor:,SEL_setBarTintColor_,0x59fc8,148,sym.func.00059fc8,g_57c920
initializer_21_590c4.c,ch,setBackgroundImage:,SEL_setBackgroundImage_,0x5a070,124,sym.func.0005a070,g_57c928
initializer_21_590c4.c,ch,setShadowImage:,SEL_setShadowImage_,0x5a100,124,sym.func.0005a100,g_57c930
initializer_21_590c4.c,ch,setStandardAppearance:,SEL_setStandardAppearance_,0x5a190,128,sym.func.0005a190,g_57c938
initializer_21_590c4.c,ch,setScrollEdgeAppearance:,SEL_setScrollEdgeAppearance_,0x5a224,128,sym.func.0005a224,g_57c940
initializer_21_590c4.c,ch1,layoutSubviews,SEL_layoutSubviews,0x5a2b8,108,sym.func.0005a2b8,g_57c948
initializer_21_590c4.c,ch1,didAddSubview:,SEL_didAddSubview_,0x5a324,144,sym.func.0005a324,g_57c950
initializer_21_590c4.c,ch1,setFrame:,SEL_setFrame_,0x5a3c8,108,sym.func.0005a3c8,g_57c958
initializer_21_590c4.c,ch1,setHidden:,SEL_setHidden_,0x5a434,44,sym.func.0005a434,g_57c960
initializer_21_590c4.c,ch1,setAlpha:,SEL_setAlpha_,0x5a460,44,sym.func.0005a460,g_57c968
initializer_21_590c4.c,ch1,didMoveToWindow,SEL_didMoveToWindow,0x5a48c,108,sym.func.0005a48c,g_57c970
initializer_21_590c4.c,ch1,traitCollectionDidChange:,SEL_traitCollectionDidChange_,0x5a4f8,152,sym.func.0005a4f8,g_57c978
initializer_21_590c4.c,ch2,relayoutButtons:,SEL_relayoutButtons_,0x5a5a4,96,sym.func.0005a5a4,g_57c980
initializer_21_590c4.c,ch2,makeSureFrame,SEL_makeSureFrame,0x5a618,52,sym.func.0005a618,g_57c988
initializer_21_590c4.c,ch2,setViewControllers:,SEL_setViewControllers_,0x5a64c,96,sym.func.0005a64c,g_57c990
initializer_21_590c4.c,v29,setHighlightImage:,SEL_setHighlightImage_,0x5a6c0,92,sym.func.0005a6c0,g_57c998
initializer_21_590c4.c,v29,setSelectedImage:,SEL_setSelectedImage_,0x5a730,92,sym.func.0005a730,g_57c9a0
initializer_21_590c4.c,v30,layoutSubviews,SEL_layoutSubviews,0x5a7a0,108,sym.func.0005a7a0,g_57c9a8
initializer_21_590c4.c,v30,setItem:,SEL_setItem_,0x5a820,100,sym.func.0005a820,g_57c9b0
initializer_21_590c4.c,v30,setIsSelected:,SEL_setIsSelected_,0x5a898,44,sym.func.0005a898,g_57c9b8
initializer_21_590c4.c,v30,traitCollectionDidChange:,SEL_traitCollectionDidChange_,0x5a8c4,88,sym.func.0005a8c4,g_57c9c0
initializer_21_590c4.c,v30,didMoveToWindow,SEL_didMoveToWindow,0x5a930,92,sym.func.0005a930,g_57c9c8
initializer_21_590c4.c,v30,didMoveToSuperview,SEL_didMoveToSuperview,0x5a9a0,92,sym.func.0005a9a0,g_57c9d0
initializer_21_590c4.c,v30,didAddSubview:,SEL_didAddSubview_,0x5aa10,136,sym.func.0005aa10,g_57c9d8
initializer_21_590c4.c,v30,setFrame:,SEL_setFrame_,0x5aac0,100,sym.func.0005aac0,g_57c9e0
initializer_21_590c4.c,v30,setCenter:,SEL_setCenter_,0x5ab38,100,sym.func.0005ab38,g_57c9e8
initializer_21_590c4.c,v30,setHidden:,SEL_setHidden_,0x5abb0,84,sym.func.0005abb0,g_57c9f0
initializer_21_590c4.c,v30,setAlpha:,SEL_setAlpha_,0x5ac18,84,sym.func.0005ac18,g_57c9f8
initializer_21_590c4.c,v31,layoutSubviews,SEL_layoutSubviews,0x5ac80,44,sym.func.0005ac80,g_57ca00
initializer_21_590c4.c,v31,didMoveToWindow,SEL_didMoveToWindow,0x5acac,68,sym.func.0005acac,g_57ca08
initializer_21_590c4.c,v31,didMoveToSuperview,SEL_didMoveToSuperview,0x5acf0,68,sym.func.0005acf0,g_57ca10
initializer_21_590c4.c,v31,setFrame:,SEL_setFrame_,0x5ad34,44,sym.func.0005ad34,g_57ca18
initializer_21_590c4.c,v32,setBackgroundColor:,SEL_setBackgroundColor_,0x5ad60,160,sym.func.0005ad60,g_57ca20
initializer_21_590c4.c,v32,didMoveToWindow,SEL_didMoveToWindow,0x5ae14,88,sym.func.0005ae14,g_57ca28
initializer_21_590c4.c,v32,didMoveToSuperview,SEL_didMoveToSuperview,0x5ae6c,88,sym.func.0005ae6c,g_57ca30
initializer_21_590c4.c,v33,setBackgroundColor:,SEL_setBackgroundColor_,0x5aec4,220,sym.func.0005aec4,g_57ca38
initializer_21_590c4.c,v33,setBorderWidth:,SEL_setBorderWidth_,0x5afc4,168,sym.func.0005afc4,g_57ca40
initializer_21_590c4.c,v33,setBorderColor:,SEL_setBorderColor_,0x5b080,220,sym.func.0005b080,g_57ca48
initializer_21_590c4.c,v33,setShadowOpacity:,SEL_setShadowOpacity_,0x5b180,168,sym.func.0005b180,g_57ca50
initializer_21_590c4.c,v33,setShadowColor:,SEL_setShadowColor_,0x5b23c,220,sym.func.0005b23c,g_57ca58
initializer_22_62144.c,ch,viewDidLayoutSubviews,SEL_viewDidLayoutSubviews,0x62440,44,sym.func.00062440,g_57cba0
initializer_22_62144.c,ch,viewDidAppear:,SEL_viewDidAppear_,0x6246c,44,sym.func.0006246c,g_57cba8
initializer_22_62144.c,ch1,didMoveToWindow,SEL_didMoveToWindow,0x62498,972,sym.func.00062498,g_57cbb0
initializer_23_6714c.c,ch2,layoutSubviews,SEL_layoutSubviews,0x681a8,52,sym.func.000681a8,g_57cbe8
initializer_23_6714c.c,ch2,didMoveToWindow,SEL_didMoveToWindow,0x681dc,52,sym.func.000681dc,g_57cbf0
initializer_23_6714c.c,v15,sizeThatFits:,SEL_sizeThatFits_,0x68210,44,sym.func.00068210,g_57cbf8
initializer_23_6714c.c,v15,intrinsicContentSize,SEL_intrinsicContentSize,0x6823c,44,sym.func.0006823c,g_57cc00
initializer_23_6714c.c,v15,setHighlightedIcon:,SEL_setHighlightedIcon_,0x68268,88,sym.func.00068268,g_57cc08
initializer_23_6714c.c,v15,setHighlightedIconImage:,SEL_setHighlightedIconImage_,0x682d4,88,sym.func.000682d4,g_57cc10
initializer_23_6714c.c,v15,layoutSubviews,SEL_layoutSubviews,0x68340,68,sym.func.00068340,g_57cc18
initializer_23_6714c.c,v15,didMoveToWindow,SEL_didMoveToWindow,0x68384,68,sym.func.00068384,g_57cc20
initializer_23_6714c.c,v15,traitCollectionDidChange:,SEL_traitCollectionDidChange_,0x683c8,220,sym.func.000683c8,g_57cc28
initializer_23_6714c.c,v16,viewWillAppear:,SEL_viewWillAppear_,0x684dc,188,sym.func.000684dc,g_57cc30
initializer_23_6714c.c,v16,viewDidAppear:,SEL_viewDidAppear_,0x685cc,188,sym.func.000685cc,g_57cc38
initializer_23_6714c.c,v16,viewDidLayoutSubviews,SEL_viewDidLayoutSubviews,0x686bc,188,sym.func.000686bc,g_57cc40
initializer_23_6714c.c,v16,viewWillDisappear:,SEL_viewWillDisappear_,0x687ac,148,sym.func.000687ac,g_57cc48
initializer_23_6714c.c,v17,setBackgroundImage:forBarMetrics:,SEL_setBackgroundImage_forBarMetrics_,0x68860,112,sym.func.00068860,g_57cc50
initializer_23_6714c.c,v17,layoutSubviews,SEL_layoutSubviews,0x688e4,88,sym.func.000688e4,g_57cc58
initializer_23_6714c.c,v17,didMoveToWindow,SEL_didMoveToWindow,0x68950,88,sym.func.00068950,g_57cc60
initializer_23_6714c.c,v17,setFrame:,SEL_setFrame_,0x689bc,88,sym.func.000689bc,g_57cc68
initializer_23_6714c.c,v17,setBounds:,SEL_setBounds_,0x68a28,88,sym.func.00068a28,g_57cc70
initializer_23_6714c.c,v17,didAddSubview:,SEL_didAddSubview_,0x68a94,88,sym.func.00068a94,g_57cc78
initializer_23_6714c.c,v18,setHidden:,SEL_setHidden_,0x68b00,88,sym.func.00068b00,g_57cc80
initializer_23_6714c.c,v18,setAlpha:,SEL_setAlpha_,0x68b58,88,sym.func.00068b58,g_57cc88
initializer_23_6714c.c,v18,didMoveToSuperview,SEL_didMoveToSuperview,0x68bb0,96,sym.func.00068bb0,g_57cc90
initializer_23_6714c.c,v18,layoutSubviews,SEL_layoutSubviews,0x68c10,96,sym.func.00068c10,g_57cc98
initializer_23_6714c.c,v19,setImage:forState:,SEL_setImage_forState_,0x68c70,244,sym.func.00068c70,g_57cca0
initializer_23_6714c.c,v19,setHighlightedImage:,SEL_setHighlightedImage_,0x68d88,336,sym.func.00068d88,g_57cca8
initializer_23_6714c.c,v19,setHighlighted:,SEL_setHighlighted_,0x68f08,392,sym.func.00068f08,g_57ccb0
initializer_23_6714c.c,v19,traitCollectionDidChange:,SEL_traitCollectionDidChange_,0x690b0,160,sym.func.000690b0,g_57ccb8
initializer_23_6714c.c,v19,systemLayoutSizeFittingSize:,SEL_systemLayoutSizeFittingSize_,0x692f4,52,sym.func.000692f4,g_57ccd0
initializer_23_6714c.c,v19,systemLayoutSizeFittingSize:withHorizontalFittingPriority:verticalFittingPriority:,SEL_systemLayoutSizeFittingSize_withHorizontalFittingPriority_verticalFittingPriority_,0x69328,44,sym.func.00069328,g_57ccd8
initializer_23_6714c.c,v19,setTitle:forState:,SEL_setTitle_forState_,0x69354,104,sym.func.00069354,g_57cce0
initializer_23_6714c.c,v19,setAttributedTitle:forState:,SEL_setAttributedTitle_forState_,0x693d0,104,sym.func.000693d0,g_57cce8
initializer_23_6714c.c,v19,setFrame:,SEL_setFrame_,0x6944c,52,sym.func.0006944c,g_57ccf0
initializer_23_6714c.c,v19,setBounds:,SEL_setBounds_,0x69480,52,sym.func.00069480,g_57ccf8
initializer_23_6714c.c,v19,layoutSubviews,SEL_layoutSubviews,0x694b4,116,sym.func.000694b4,g_57cd00
initializer_23_6714c.c,v19,didMoveToWindow,SEL_didMoveToWindow,0x69528,116,sym.func.00069528,g_57cd08
initializer_23_6714c.c,ch1,systemLayoutSizeFittingSize:,SEL_systemLayoutSizeFittingSize_,0x695f4,44,sym.func.000695f4,g_57cd20
initializer_23_6714c.c,ch1,systemLayoutSizeFittingSize:withHorizontalFittingPriority:verticalFittingPriority:,SEL_systemLayoutSizeFittingSize_withHorizontalFittingPriority_verticalFittingPriority_,0x69620,44,sym.func.00069620,g_57cd28
initializer_23_6714c.c,ch1,layoutSubviews,SEL_layoutSubviews,0x6964c,108,sym.func.0006964c,g_57cd30
initializer_23_6714c.c,ch1,didMoveToWindow,SEL_didMoveToWindow,0x696cc,108,sym.func.000696cc,g_57cd38
initializer_23_6714c.c,ch,setText:,SEL_setText_,0x6974c,88,sym.func.0006974c,g_57cd40
initializer_23_6714c.c,ch,setTextColor:,SEL_setTextColor_,0x697b8,112,sym.func.000697b8,g_57cd48
initializer_23_6714c.c,ch,setAttributedText:,SEL_setAttributedText_,0x6984c,124,sym.func.0006984c,g_57cd50
initializer_24_7ab34.c,ch,setEffect:,SEL_setEffect_,0x7ada0,132,sym.func.0007ada0,g_57d0a0
initializer_24_7ab34.c,ch,setHidden:,SEL_setHidden_,0x7ae38,68,sym.func.0007ae38,g_57d0a8
initializer_24_7ab34.c,ch,setAlpha:,SEL_setAlpha_,0x7ae7c,76,sym.func.0007ae7c,g_57d0b0
initializer_24_7ab34.c,ch,didMoveToSuperview,SEL_didMoveToSuperview,0x7aec8,148,sym.func.0007aec8,g_57d0b8
initializer_24_7ab34.c,ch,layoutSubviews,SEL_layoutSubviews,0x7af5c,148,sym.func.0007af5c,g_57d0c0
initializer_25_7be7c.c,ch,onHeadImageDoubleClick:,SEL_onHeadImageDoubleClick_,0x7c0a0,280,sym.func.0007c0a0,g_57d0e8
initializer_27_7c404.c,ch,didMoveToWindow,SEL_didMoveToWindow,0x7cd90,80,sym.func.0007cd90,g_57d108
initializer_27_7c404.c,ch2,:layoutTopViewController,SEL__layoutTopViewController,0x7cde0,4052,sym.func.0007cde0,g_57d110
initializer_27_7c404.c,ch2,gestureRecognizerShouldBegin:,SEL_gestureRecognizerShouldBegin_,0x7de5c,1160,sym.func.0007de5c,g_57d118
initializer_27_7c404.c,ch2,:finishInteractiveTransition:transitionContext:,SEL__finishInteractiveTransition_transitionContext_,0x7ed1c,128,sym.func.0007ed1c,g_57d120
initializer_28_7f20c.c,ch,layoutSubviews,SEL_layoutSubviews,0x7f484,872,sym.func.0007f484,g_57d1b0
initializer_29_7fc50.c,ch,OnMultiForwardMessage,SEL_OnMultiForwardMessage,0x800dc,500,sym.func.000800dc,g_57d1e0
initializer_29_7fc50.c,ch1,forwardMsgList:toContacts:,SEL_forwardMsgList_toContacts_,0x802e4,1136,sym.func.000802e4,g_57d1e8
initializer_30_85394.c,ch,setInputMode:animated:,SEL_setInputMode_animated_,0x856e4,84,sym.func.000856e4,g_57d238
initializer_30_85394.c,ch1,ShowPreparing,SEL_ShowPreparing,0x85738,100,sym.func.00085738,g_57d240
initializer_30_85394.c,ch1,ShowRecording,SEL_ShowRecording,0x8579c,100,sym.func.0008579c,g_57d248
initializer_30_85394.c,ch1,layoutSubviews,SEL_layoutSubviews,0x85800,100,sym.func.00085800,g_57d250
initializer_30_85394.c,ch1,exitVoiceRecord,SEL_exitVoiceRecord,0x85864,92,sym.func.00085864,g_57d258
initializer_31_8591c.c,ch,layoutSubviews,SEL_layoutSubviews,0x86380,44,sym.func.00086380,g_57d348
initializer_31_8591c.c,ch,didMoveToWindow,SEL_didMoveToWindow,0x863ac,44,sym.func.000863ac,g_57d350
initializer_31_8591c.c,ch1,layoutSubviews,SEL_layoutSubviews,0x863d8,44,sym.func.000863d8,g_57d358
initializer_31_8591c.c,ch1,didMoveToWindow,SEL_didMoveToWindow,0x86404,44,sym.func.00086404,g_57d360
initializer_31_8591c.c,ch2,setConfiguration:,SEL_setConfiguration_,0x86430,88,sym.func.00086430,g_57d368
initializer_31_8591c.c,ch2,layoutSubviews,SEL_layoutSubviews,0x8649c,68,sym.func.0008649c,g_57d370
initializer_31_8591c.c,v9,layoutSubviews,SEL_layoutSubviews,0x864e0,44,sym.func.000864e0,g_57d378
initializer_31_8591c.c,v9,didMoveToWindow,SEL_didMoveToWindow,0x8650c,44,sym.func.0008650c,g_57d380
initializer_31_8591c.c,v10,layoutSubviews,SEL_layoutSubviews,0x86538,44,sym.func.00086538,g_57d388
initializer_31_8591c.c,v10,didMoveToWindow,SEL_didMoveToWindow,0x86564,44,sym.func.00086564,g_57d390
initializer_31_8591c.c,v11,viewDidAppear:,SEL_viewDidAppear_,0x86590,124,sym.func.00086590,g_57d398
